sid,title,#p,#g,セッション担当,1,2,3,4,拠点,name
1,"Traceability",2,2,NAIST飯田研,,,小林研＠東工大,,大阪,NAIST飯田研
2,"Documentation",3,3,富士通研B,,,,富士通研B,東京,富士通研B
3,"Refactoring",3,3,NTTD Re,,,,NAIST飯田研,東京,NTTD Re
4,"Recommendation Systems",3,3,NTTD PMSC,,,,NTTD PMSC,東京,NTTD PMSC
5,"Software Process",3,3,HH-lab,,,,名大+α,東京,HH-lab
6,"Studies of Software Developers",3,3,NAIST松本研,,,,名大OB,大阪,NAIST松本研
7,"Search-Based Software Engineering",3,3,工繊そふらぼ,,,,工繊そふらぼ,大阪,工繊そふらぼ
8,"Web Applications",3,3,NTT SIC2,,,,名大+α,東京,NTT SIC2
9,"Concurrency",3,3,P芝,,,,権藤研 新山,東京,P芝
10,"Mobile Application Security",3,3,NAIST松本研,,,,,大阪,NAIST松本研
11,"Mobile Application Development",3,3,熊大+福工大,,,,,福岡,熊大+福工大
12,"Debugging",3,3,富士通研A,,,,富士通研A,東京,富士通研A
13,"Program Synthesis and Repair",3,3,九大/鵜林研,,,,,福岡,九大/鵜林研
14,"Mining Software Repositories",2,2,和歌山大学・大平研,,,和歌山大学・大平研,名大+α,大阪,和歌山大学・大平研
15,"Program Analysis I",3,3,富士通QNET,,,,,福岡,富士通QNET
16,"Program Analysis II",3,3,名大OB,,,,,名古屋,名大OB
17,"Security, Safety, and Privacy",2,2,J機構,,,,J機構,東京,J機構
18,"Development Tools and Frameworks",4,4,岸研野田研合同,,,,,東京,岸研野田研合同
19,"Testing and Debugging",2,2,某製作所,,,某製作所,某製作所,東京,某製作所
20,"Testing I",4,4,NTT SIC1,,,,,東京,NTT SIC1
21,"Testing II",4,4,東大 本位田研,,,,,東京,東大 本位田研
22,"Defect Prediction",1,1,NTTD PMSC,,,,,東京,NTTD PMSC
23,"Formal Methods",2,2,岡山県立大,,,,,大阪,岡山県立大
24,"Software Evolution",3,3,立命館 丸山研,,,,丸山,大阪,立命館 丸山研